<?xml version="1.0"?>
<Runs Version="1" Minor="0">
	<Run Id="design_1_proc_sys_reset_0_0_synth_1" LaunchDir="/home/lbogdanov/workspaces/workspace_vivado/04_timer/04_timer.runs/design_1_proc_sys_reset_0_0_synth_1" FlowId="Vivado_Synthesis" FromStepId="vivado" ToStepId="vivado"/>
	<Run Id="design_1_processing_system7_0_0_synth_1" LaunchDir="/home/lbogdanov/workspaces/workspace_vivado/04_timer/04_timer.runs/design_1_processing_system7_0_0_synth_1" FlowId="Vivado_Synthesis" FromStepId="vivado" ToStepId="vivado"/>
	<Run Id="design_1_axi_timer_1_0_synth_1" LaunchDir="/home/lbogdanov/workspaces/workspace_vivado/04_timer/04_timer.runs/design_1_axi_timer_1_0_synth_1" FlowId="Vivado_Synthesis" FromStepId="vivado" ToStepId="vivado"/>
	<Run Id="design_1_auto_pc_1_synth_1" LaunchDir="/home/lbogdanov/workspaces/workspace_vivado/04_timer/04_timer.runs/design_1_auto_pc_1_synth_1" FlowId="Vivado_Synthesis" FromStepId="vivado" ToStepId="vivado"/>
	<Run Id="design_1_auto_pc_0_synth_1" LaunchDir="/home/lbogdanov/workspaces/workspace_vivado/04_timer/04_timer.runs/design_1_auto_pc_0_synth_1" FlowId="Vivado_Synthesis" FromStepId="vivado" ToStepId="vivado" IsOrderedIPRun="true">
		<Parent Id="design_1_auto_pc_1_synth_1"/>
	</Run>
	<Run Id="design_1_axi_timer_0_0_synth_1" LaunchDir="/home/lbogdanov/workspaces/workspace_vivado/04_timer/04_timer.runs/design_1_axi_timer_0_0_synth_1" FlowId="Vivado_Synthesis" FromStepId="vivado" ToStepId="vivado" IsOrderedIPRun="true">
		<Parent Id="design_1_axi_timer_1_0_synth_1"/>
	</Run>
	<Run Id="design_1_auto_pc_2_synth_1" LaunchDir="/home/lbogdanov/workspaces/workspace_vivado/04_timer/04_timer.runs/design_1_auto_pc_2_synth_1" FlowId="Vivado_Synthesis" FromStepId="vivado" ToStepId="vivado"/>
	<Run Id="design_1_xbar_0_synth_1" LaunchDir="/home/lbogdanov/workspaces/workspace_vivado/04_timer/04_timer.runs/design_1_xbar_0_synth_1" FlowId="Vivado_Synthesis" FromStepId="vivado" ToStepId="vivado"/>
	<Run Id="synth_1" LaunchDir="/home/lbogdanov/workspaces/workspace_vivado/04_timer/04_timer.runs/synth_1" FlowId="Vivado_Synthesis" FromStepId="vivado" ToStepId="vivado">
		<Parent Id="design_1_proc_sys_reset_0_0_synth_1"/>
		<Parent Id="design_1_processing_system7_0_0_synth_1"/>
		<Parent Id="design_1_axi_timer_1_0_synth_1"/>
		<Parent Id="design_1_auto_pc_1_synth_1"/>
		<Parent Id="design_1_auto_pc_0_synth_1"/>
		<Parent Id="design_1_axi_timer_0_0_synth_1"/>
		<Parent Id="design_1_auto_pc_2_synth_1"/>
		<Parent Id="design_1_xbar_0_synth_1"/>
	</Run>
	<Run Id="impl_1" LaunchDir="/home/lbogdanov/workspaces/workspace_vivado/04_timer/04_timer.runs/impl_1" FlowId="Vivado_Implementation" FromStepId="init_design" ToStepId="write_bitstream">
		<Parent Id="synth_1"/>
		<Parent Id="design_1_proc_sys_reset_0_0_synth_1"/>
		<Parent Id="design_1_processing_system7_0_0_synth_1"/>
		<Parent Id="design_1_axi_timer_1_0_synth_1"/>
		<Parent Id="design_1_auto_pc_1_synth_1"/>
		<Parent Id="design_1_auto_pc_0_synth_1"/>
		<Parent Id="design_1_axi_timer_0_0_synth_1"/>
		<Parent Id="design_1_auto_pc_2_synth_1"/>
		<Parent Id="design_1_xbar_0_synth_1"/>
	</Run>
	<Parameters>
		<Parameter Name="runs.monitorLSFJobs" Val="true" Type="bool"/>
		<Parameter Name="runs.enableClusterConf" Val="true" Type="bool"/>
	</Parameters>
</Runs>

